{
  "menu": [
    {
      "name": "Switch Portal",
      "icon": "menu-icon tf-icons mdi mdi-nintendo-switch",
      "slug": "switch-portal",
      "submenu": [
        {
          "name": "Management",
          "slug": "switch-portal-management"
        },
        {
          "name": "Business",
          "slug": "switch-portal-business"
        }
      ]
    },
    {
      "name": "Dashboard",
      "icon": "menu-icon tf-icons mdi mdi-home-outline",
      "url": "/dashboard",
      "slug": "dashboard"
    },
    {
      "name": "HR Management",
      "icon": "menu-icon tf-icons mdi mdi-account-group",
      "slug": "hrm-hr-management",
      "submenu": [
        {
          "name": "HR Enroll",
          "slug": "hrm-hr-management-enroll",
          "submenu": [
            {
              "url": "/hr_enroll/manage_staff",
              "name": "Manage Staff",
              "slug": "hrm-hr-management-enroll-manage-staff"
            },
            {
              "url": "/hr_enroll/onboarding_staff",
              "name": "Onboarding Staff",
              "slug": "hrm-hr-management-enroll-onboarding-staff"
            }
          ]
        },
        {
          "name": "HR General",
          "slug": "hrm-hr-management-general",
          "submenu": [
            {
              "url": "/hr_enroll/manage_attendance",
              "name": "Manage Attendance",
              "slug": "hrm-hr-management-general-manage-attendance"
            },
            {
              "url": "/hr_general/pf_esi",
              "name": "PF & ESI",
              "slug": "hrm-hr-management-general-pf-esi"
            },
            {
              "url": "/hr_general/corporate_tax",
              "name": "Corporate Tax",
              "slug": "hrm-hr-management-general-corporate-tax"
            },
            {
              "url": "/hr_general/payroll",
              "name": "Payroll",
              "slug": "hrm-hr-management-general-payroll"
            }
          ]
        },
        {
          "name": "HR Operation",
          "slug": "hrm-hr-management-operation",
          "submenu": [
            {
              "url": "/hr_management/staff_timechamp",
              "name": "Staff Timechamp",
              "slug": "hrm-hr-management-operation-timechamp"
            },
            {
              "url": "/hr_operation/leave_permission",
              "name": "Leave & Permission",
              "slug": "hrm-hr-management-operation-leave-permission"
            },
            {
              "url": "/hr_operation/permission_workflow",
              "name": "Permission Workflow",
              "slug": "hrm-hr-management-operation-permission-workflow"
            }
          ]
        },
        {
          "name": "HR Training",
          "slug": "hrm-hr-management-training",
          "submenu": [
            {
              "url": "/hr_training/manage_training",
              "name": "Manage Training",
              "slug": "hrm-hr-management-training-manage-training"
            }
          ]
        },
        {
          "name": "HR Payroll",
          "slug": "hrm-hr-management-payroll",
          "submenu": [
            {
              "url": "/hr_payroll/manage_payroll",
              "name": "Manage Payroll",
              "slug": "hrm-hr-management-payroll-manage-payroll"
            }
          ]
        },
        {
          "name": "HR Recruitment",
          "slug": "hrm-hr-management-recruitment",
          "submenu": [
            {
              "url": "/hr_recruitment/job_request",
              "name": "Resource Request",
              "slug": "hrm-hr-management-recruitment-manage-job-request"
            },
            {
              "url": "/hr_recruitment/interview_staging",
              "name": "Interview Staging",
              "slug": "hrm-hr-management-recruitment-interview-staging"
            },
            {
              "url": "/hr_recruitment/manage_candidate",
              "name": "Manage Candidate",
              "slug": "hrm-hr-management-recruitment-manage-candidate"
            },
            {
              "url": "/hr_recruitment/recruitment_schedule",
              "name": "Recruitment Schedule",
              "slug": "hrm-hr-management-recruitment-schedule"
            },
            {
              "url": "/hr_recruitment/manage_interview",
              "name": "Manage Interview",
              "slug": "hrm-hr-management-recruitment-manage-interview"
            },
            {
              "url": "/hr_recruitment/adi",
              "name": "ADI",
              "slug": "hrm-hr-management-recruitment-adi"
            }
          ]
        },
        {
          "name": "HR Complaints",
          "slug": "hrm-hr-management-complaints",
          "submenu": [
            {
              "url": "/hr_complaints/manage_complaints",
              "name": "Manage Complaints",
              "slug": "hrm-hr-management-complaints-manage-complaints"
            }
          ]
        },
        {
          "name": "HR Assessment",
          "slug": "hrm-hr-management-assessment",
          "submenu": [
            {
              "url": "/hr_assessment/manage_assestment",
              "name": "Manage Assesstment",
              "slug": "hrm-hr-management-assessment-manage-assessment"
            }
          ]
        },
        {
          "name": "HR SIB",
          "slug": "hrm-hr-management-sib",
          "submenu": [
            {
              "url": "/hr_sib/manage_salary",
              "name": "Manage Salary",
              "slug": "hrm-hr-management-sib-manage-salary"
            },
            {
              "url": "/hr_sib/manage_incentive",
              "name": "Manage Incentive",
              "slug": "hrm-hr-management-sib-manage-incentive"
            },
            {
              "url": "/hr_sib/manage_benefits",
              "name": "Manage Benefits",
              "slug": "hrm-hr-management-sib-manage-benefits"
            }
          ]
        }
      ]
    },
    {
      "name": "Accounts & Finance",
      "icon": "menu-icon tf-icons mdi mdi-cash-multiple",
      "slug": "accounts-finance",
      "submenu": [
        {
          "name": "Budget",
          "url": "/accounts_finance/budget",
          "slug": "accounts-finance-budget"
        },
        {
          "name": "Finance Target",
          "url": "/accounts_finance/finance_target",
          "slug": "accounts-finance-target"
        },
        {
          "name": "Payment Schedules",
          "url": "/accounts_finance/payment_schedule",
          "slug": "accounts-finance-payment-schedule"
        },
        {
          "name": "Vendor Management",
          "url": "/accounts_finance/vendor_management",
          "slug": "accounts-finance-vendor-management"
        },
        {
          "name": "Profit & Loss",
          "url": "/accounts_finance/profit_loss",
          "slug": "accounts-finance-profit-loss"
        },
        {
          "name": "Daily Accounts",
          "url": "/accounts_finance/daily_accounts",
          "slug": "accounts-finance-daily-accounts"
        },
        {
          "name": "Trial Balance",
          "url": "/accounts_finance/trail_balance",
          "slug": "accounts-finance-trail-balance"
        }
      ]
    },
    {
      "name": "Corporate Admin",
      "slug": "corporate-admin",
      "icon": "menu-icon tf-icons mdi mdi-shield-crown-outline",
      "submenu": [
        {
          "name": "Hospitality Schedule",
          "url": "/corporate_admin/hospitality_schedule",
          "slug": "corporate-admin-hospitality-schedule"
        },
        {
          "name": "Stock Maintanence",
          "url": "/corporate_admin/stock_maintanence",
          "slug": "corporate-admin-stock-maintanence"
        },
        {
          "name": "Stock Validation",
          "url": "/corporate_admin/stock_validation",
          "slug": "corporate-admin-stock-validation"
        },
        {
          "name": "Annual Maintanence",
          "url": "/corporate_admin/annual_maintanence",
          "slug": "corporate-admin-annual-maintanence"
        },
        {
          "name": "Maintanence Schedule",
          "url": "/corporate_admin/maintanence_schedule",
          "slug": "corporate-admin-maintanence-schedule"
        },
        {
          "name": "Travel Maintanence",
          "url": "/corporate_admin/travel_maintanence",
          "slug": "corporate-admin-travel-maintanence"
        },
        {
          "name": "Vehicle Management",
          "url": "/corporate_admin/vehicle_management",
          "slug": "corporate-admin-vehicle-management"
        },
        {
          "name": "Vendor Management",
          "url": "/corporate_admin/vendor_management",
          "slug": "corporate-admin-vendor-management"
        },
        {
          "name": "EMI Schedule",
          "url": "/corporate_admin/emi_schedule",
          "slug": "corporate-admin-emi-schedule"
        },
        {
          "name": "Expenditure Calendar",
          "url": "/corporate_admin/expenditure_calendar",
          "slug": "corporate-admin-expenditure-calendar"
        }
      ]
    },
    {
      "name": "IT Support",
      "icon": "menu-icon tf-icons mdi mdi-devices",
      "slug": "it-support",
      "submenu": [
        {
          "name": "IT Tickets",
          "url": "/it_support/tickets",
          "slug": "it-support-ticket"
        },
        {
          "name": "Stock & Assets",
          "url": "/it_support/stock_assets",
          "slug": "it-support-stock-asset"
        },
        {
          "name": "Assets Validation",
          "url": "/it_support/asset_validation",
          "slug": "it-support-asset-validation"
        },
        {
          "name": "Work Log",
          "url": "/it_support/work_log",
          "slug": "it-support-work-log"
        }
      ]
    },
    {
      "name": "Control Panel",
      "icon": "menu-icon tf-icons mdi mdi-monitor-dashboard",
      "slug": "control-panel",
      "submenu": [
        {
          "name": "Entity Hub",
          "slug": "entity-hub",
          "submenu": [
            {
              "url": "/entity_hub/manage_company",
              "name": "Manage Company",
              "slug": "entity-hub-manage-company"
            },
            {
              "url": "/entity_hub/manage_entity",
              "name": "Manage Entity",
              "slug": "entity-hub-manage-entity"
            },
            {
              "url": "/entity_hub/manage_branch",
              "name": "Manage Branch",
              "slug": "entity-hub-manage-branch"
            },
            {
              "url": "/entity_hub/manage_holiday",
              "name": "Manage Holiday",
              "slug": "entity-hub-manage-holiday"
            }
          ]
        },
        {
          "name": "User Management",
          "slug": "user-management",
          "submenu": [
            {
              "url": "/user_management/manage_users",
              "name": "Manage Users",
              "slug": "user-management-manage-users"
            },
            {
              "url": "/user_management/manage_permission",
              "name": "User Role Permission",
              "slug": "user-management-user-role-permission"
            },
            {
              "url": "/user_management/user_role",
              "name": "User Role",
              "slug": "user-management-role"
            },
            {
              "url": "/user_management/user_chart",
              "name": "User Chart",
              "slug": "user-management-user-chart"
            }
          ]
        },
        {
          "name": "Business Analysis",
          "slug": "business-analysis",
          "submenu": [
            {
              "url": "/business_analysis/hr_analysis",
              "name": "HR Analysis",
              "slug": "business-analysis-hr-analysis"
            }
          ]
        },
        {
          "name": "Communication Tool",
          "slug": "communication-tool",
          "submenu": [
            {
              "url": "/communication_tool/news_broadcast",
              "name": "News Broadcast",
              "slug": "communication-tool-news-broadcast"
            }
          ]
        }
      ]
    },
    {
      "name": "ETPL",
      "icon": "menu-icon tf-icons mdi mdi-alpha-t-box",
      "slug": "etpl",
      "submenu": [
        {
          "name": "PhD iZone",
          "slug": "etpl-phdizone",
          "submenu": [
            {
              "url": "/etpl/phdizone/sales_summary",
              "name": "Sales Summary",
              "slug": "etpl-phdizone-sales"
            },
            {
              "url": "/etpl/phdizone/payment_summary",
              "name": "Payment Summary",
              "slug": "etpl-phdizone-payment"
            },
            {
              "url": "/etpl/phdizone/production_summary",
              "name": "Production Summary",
              "slug": "etpl-phdizone-production"
            },
            {
              "url": "/etpl/phdizone/performance_summary",
              "name": "Performance Summary",
              "slug": "etpl-phdizone-performance"
            }
          ]
        },
        {
          "name": "Click My Project",
          "slug": "etpl-cpm",
          "submenu": [
            {
              "url": "/etpl/cpm/sales_summary",
              "name": "Sales Summary",
              "slug": "etpl-cpm-sales"
            },
            {
              "url": "/etpl/cpm/payment_summary",
              "name": "Payment Summary",
              "slug": "etpl-cpm-payment"
            },
            {
              "url": "/etpl/cpm/production_summary",
              "name": "Production Summary",
              "slug": "etpl-cpm-production"
            },
            {
              "url": "/etpl/cpm/performance_summary",
              "name": "Performance Summary",
              "slug": "etpl-cpm-performance"
            }
          ]
        },
        {
          "name": "My Project Bazaar",
          "slug": "etpl-mpb",
          "submenu": [
            {
              "url": "/etpl/mpb/sales_summary",
              "name": "Sales Summary",
              "slug": "etpl-mpb-sales"
            },
            {
              "url": "/etpl/mpb/payment_summary",
              "name": "Payment Summary",
              "slug": "etpl-mpb-payment"
            },
            {
              "url": "/etpl/mpb/production_summary",
              "name": "Production Summary",
              "slug": "etpl-mpb-production"
            },
            {
              "url": "/etpl/mpb/performance_summary",
              "name": "Performance Summary",
              "slug": "etpl-mpb-performance"
            }
          ]
        },
        {
          "name": "Elsyium Pro",
          "slug": "etpl-epro",
          "submenu": [
            {
              "url": "/etpl/epro/sales_summary",
              "name": "Sales Summary",
              "slug": "etpl-epro-sales"
            },
            {
              "url": "/etpl/epro/payment_summary",
              "name": "Payment Summary",
              "slug": "etpl-epro-payment"
            },
            {
              "url": "/etpl/epro/production_summary",
              "name": "Production Summary",
              "slug": "etpl-epro-production"
            },
            {
              "url": "/etpl/epro/performance_summary",
              "name": "Performance Summary",
              "slug": "etpl-epro-performance"
            }
          ]
        }
      ]
    },
    {
      "name": "EAPL",
      "icon": "menu-icon tf-icons mdi mdi-alpha-a-box",
      "slug": "eapl",
      "submenu": [
        {
          "name": "Elysium Academy",
          "slug": "eapl-academy",
          "submenu": [
            {
              "url": "/eapl/academy/sales_summary",
              "name": "Sales Summary",
              "slug": "eapl-academy-sales"
            },
            {
              "url": "/eapl/academy/payment_summary",
              "name": "Payment Summary",
              "slug": "eapl-academy-payment"
            },
            {
              "url": "/eapl/academy/production_summary",
              "name": "Production Summary",
              "slug": "eapl-academy-production"
            },
            {
              "url": "/eapl/academy/performance_summary",
              "name": "Performance Summary",
              "slug": "eapl-academy-performance"
            }
          ]
        }
      ]
    },
    {
      "name": "EiBS",
      "icon": "menu-icon tf-icons mdi mdi-alpha-i-box",
      "slug": "eibs",
      "submenu": [
        {
          "name": "EiBS",
          "slug": "eibs-eibs",
          "submenu": [
            {
              "url": "/eibs/eibs/sales_summary",
              "name": "Sales Summary",
              "slug": "eibs-eibs-sales"
            },
            {
              "url": "/eibs/eibs/payment_summary",
              "name": "Payment Summary",
              "slug": "eibs-eibs-payment"
            },
            {
              "url": "/eibs/eibs/production_summary",
              "name": "Production Summary",
              "slug": "eibs-eibs-production"
            },
            {
              "url": "/eibs/eibs/performance_summary",
              "name": "Performance Summary",
              "slug": "eibs-eibs-performance"
            }
          ]
        },
        {
          "name": "SEO Business",
          "slug": "eibs-seo",
          "submenu": [
            {
              "url": "/eibs/seo/sales_summary",
              "name": "Sales Summary",
              "slug": "eibs-eibs-sales"
            },
            {
              "url": "/eibs/seo/payment_summary",
              "name": "Payment Summary",
              "slug": "eibs-eibs-payment"
            },
            {
              "url": "/eibs/seo/production_summary",
              "name": "Production Summary",
              "slug": "eibs-eibs-production"
            },
            {
              "url": "/eibs/seo/performance_summary",
              "name": "Performance Summary",
              "slug": "eibs-eibs-performance"
            }
          ]
        }
      ]
    },
    {
      "name": "EES",
      "icon": "menu-icon tf-icons mdi mdi-alpha-e-box",
      "slug": "ees",
      "submenu": [
        {
          "name": "Elysium Skill",
          "slug": "ees-eskill",
          "submenu": [
            {
              "url": "/ees/eskill/sales_summary",
              "name": "Sales Summary",
              "slug": "ees-eskill-sales"
            },
            {
              "url": "/ees/eskill/payment_summary",
              "name": "Payment Summary",
              "slug": "ees-eskill-payment"
            },
            {
              "url": "/ees/eskill/production_summary",
              "name": "Production Summary",
              "slug": "ees-eskill-production"
            },
            {
              "url": "/ees/eskill/performance_summary",
              "name": "Performance Summary",
              "slug": "ees-eskill-performance"
            }
          ]
        },
        {
          "name": "Elysium Embedded School",
          "slug": "ees-eembedded",
          "submenu": [
            {
              "url": "/ees/embedded_school/sales_summary",
              "name": "Sales Summary",
              "slug": "ees-eembedded-sales"
            },
            {
              "url": "/ees/embedded_school/payment_summary",
              "name": "Payment Summary",
              "slug": "ees-eembedded-payment"
            },
            {
              "url": "/ees/embedded_school/production_summary",
              "name": "Production Summary",
              "slug": "ees-eembedded-production"
            },
            {
              "url": "/ees/embedded_school/performance_summary",
              "name": "Performance Summary",
              "slug": "ees-eembedded-performance"
            }
          ]
        }
      ]
    }
  ]
}